{
  "train_loss": [
    4.551965395609538,
    2.8522287209828696,
    1.7523235082626343,
    1.2542120218276978,
    1.203944981098175,
    1.4104115168253581,
    1.0708924333254497,
    1.0220966339111328,
    0.9878535469373068,
    1.171822985013326
  ],
  "val_loss": [
    3.1439218521118164,
    1.9680551290512085,
    1.4922356605529785,
    1.3532698154449463,
    1.270507574081421,
    1.208522081375122,
    1.1510815620422363,
    1.1189929246902466,
    1.1091622114181519,
    1.1075738668441772
  ],
  "val_auc": [
    0.0,
    0.0,
    0.0,
    0.0,
    0.0,
    0.0,
    0.0,
    0.0,
    0.0,
    0.0
  ],
  "train_site_loss": [
    0.8972592751185099,
    0.5152764916419983,
    0.4175344904263814,
    0.4002049465974172,
    0.4104761977990468,
    0.414811114470164,
    0.40616429845492047,
    0.3869223395983378,
    0.387400358915329,
    0.39848026633262634
  ],
  "train_tf_loss": [
    3.0602237383524575,
    2.0483641227086387,
    1.0954299966494243,
    0.6993246078491211,
    0.5928343484799067,
    0.8196824590365092,
    0.5254357904195786,
    0.5351928969224294,
    0.47316811482111615,
    0.6342109243075053
  ],
  "train_energy_loss": [
    1.18896488348643,
    0.5771763126055399,
    0.47871800263722736,
    0.3093649248282115,
    0.4012688795725505,
    0.3518359959125519,
    0.27858470877011615,
    0.19996281464894614,
    0.25457018117109936,
    0.27826358874638873
  ]
}